ID,Soil_pH,Soil_Moisture_VWC_%,Soil_Temp_C,Rainfall_mm_month,Sunlight_hrs_day,Plant_Age_years,Growth_Rate_cm_month,Annual_Bark_Yield_g_plant,Stress_Classification
1,5.87,35.89,24.84,75.1,5.9,8,5.76,429.63,Optimal
2,5.52,34.56,26.54,132.7,7.4,1,4.25,232.88,Optimal
3,5.96,28.92,24.46,157.3,7.5,8,6.4,398.41,Optimal
4,6.44,23.95,26.01,283.8,8.4,6,3.6,205.61,Slight Deviation
5,5.47,33.58,20.94,210.6,5.0,4,2.42,169.64,Moderate Stress
6,5.47,32.06,27.68,106.5,8.6,13,4.95,365.42,Optimal
7,6.47,31.57,27.0,206.7,3.0,14,2.93,206.38,Slight Deviation
8,6.02,31.62,24.39,94.9,6.4,12,4.92,378.65,Optimal
9,5.34,35.73,29.11,239.5,6.6,8,3.89,280.23,Slight Deviation
10,5.9,26.12,30.0,154.1,8.6,3,2.62,175.95,Slight Deviation
11,5.35,37.04,21.86,174.9,7.5,13,2.44,228.39,High Stress
12,5.34,31.47,24.56,252.9,5.0,4,5.57,430.23,Optimal
13,5.73,39.69,24.54,109.2,5.7,15,3.2,330.11,Slight Deviation
14,4.55,29.4,23.99,103.2,7.9,6,1.5,120.51,High Stress
15,4.65,41.23,29.65,147.9,7.4,11,1.5,175.77,Critical Stress
16,5.29,31.62,26.38,237.1,6.5,7,6.39,488.91,Optimal
17,5.04,28.12,26.15,96.4,6.6,4,4.61,342.08,Optimal
18,5.77,26.77,20.59,40.0,8.8,4,1.5,80.0,Moderate Stress
19,5.1,29.6,29.03,155.2,6.6,7,1.71,124.5,Mild Stress
20,4.82,34.16,23.03,210.3,7.3,6,2.85,191.64,Mild Stress
21,6.41,29.88,27.19,246.0,11.4,13,3.87,320.81,Slight Deviation
22,5.48,27.19,27.89,154.5,4.9,11,3.49,276.56,Near Optimal
23,5.64,29.46,31.35,157.4,4.2,8,1.5,155.19,Moderate Stress
24,4.82,42.75,22.81,243.5,8.9,1,1.5,123.75,Severe Stress
25,5.3,39.24,18.0,77.2,6.3,10,1.5,201.59,Severe Stress
26,5.66,31.7,27.59,158.6,6.9,13,6.01,453.16,Optimal
27,4.97,31.78,32.76,190.5,6.1,11,1.5,120.79,High Stress
28,5.81,29.67,30.96,204.7,7.0,7,2.39,162.99,Mild Stress
29,5.27,33.76,27.67,152.0,10.4,12,2.89,251.21,Near Optimal
30,5.44,25.07,25.43,181.9,8.9,7,5.88,365.22,Optimal
31,5.27,29.4,29.58,43.1,9.1,11,2.47,276.13,Mild Stress
32,6.62,18.3,23.88,143.8,5.0,7,1.5,104.72,Severe Stress
33,5.59,31.73,28.52,204.9,5.4,7,5.08,382.4,Optimal
34,5.02,34.68,28.62,126.0,3.0,10,2.62,178.33,Near Optimal
35,6.05,25.93,30.39,183.2,6.0,14,2.16,264.6,Mild Stress
36,4.93,39.58,35.83,204.6,9.2,10,1.5,165.13,Critical Stress
37,5.71,23.24,28.26,161.2,8.4,8,5.03,418.74,Optimal
38,4.52,25.62,25.37,189.4,7.1,9,2.11,159.0,Moderate Stress
39,4.87,33.01,26.92,127.0,7.5,9,5.16,361.86,Near Optimal
40,5.71,34.61,21.34,168.6,6.3,2,2.05,126.03,Moderate Stress
41,6.01,36.89,24.78,213.6,7.9,13,4.26,354.26,Near Optimal
42,5.69,27.14,25.69,188.6,8.9,13,5.8,439.89,Optimal
43,5.54,35.27,25.32,147.7,4.6,7,7.05,467.57,Optimal
44,5.43,30.02,27.49,192.3,8.0,7,6.94,460.39,Optimal
45,4.79,31.27,24.37,219.3,9.2,4,2.51,110.11,Mild Stress
46,5.2,35.32,30.59,67.3,6.8,9,2.51,257.37,Slight Deviation
47,5.35,33.71,27.0,243.7,8.8,8,5.95,521.14,Optimal
48,6.18,20.08,26.97,161.5,12.0,12,2.58,261.24,Slight Deviation
49,5.79,36.51,25.95,203.4,7.3,1,2.43,114.05,Mild Stress
50,4.63,39.51,27.5,245.8,8.2,2,1.5,80.0,High Stress
51,5.78,26.03,29.64,104.6,6.2,13,3.01,306.06,Slight Deviation
52,5.39,32.31,24.23,141.0,7.8,15,5.87,485.69,Optimal
53,5.23,33.28,24.89,164.1,8.3,13,5.33,413.85,Optimal
54,5.94,29.98,26.03,136.9,7.9,2,3.95,279.37,Near Optimal
55,6.17,25.24,22.69,275.4,5.7,12,2.99,203.16,Slight Deviation
56,6.11,24.81,24.38,132.9,7.9,12,4.77,408.59,Optimal
57,5.14,30.95,25.48,149.4,10.1,11,4.92,391.52,Optimal
58,5.43,36.07,29.8,191.2,8.3,15,2.08,209.94,Moderate Stress
59,5.78,31.88,27.84,113.9,9.2,15,4.94,366.23,Optimal
60,6.14,26.23,27.62,158.2,7.1,8,5.48,397.05,Optimal
61,5.34,34.34,29.72,197.5,8.8,15,2.87,341.45,Slight Deviation
62,5.5,15.76,26.56,161.7,8.0,1,1.5,90.02,Moderate Stress
63,4.99,37.27,28.25,174.9,5.8,4,1.5,92.16,Moderate Stress
64,4.94,22.98,26.67,150.9,8.1,10,2.84,257.1,Slight Deviation
65,6.05,26.54,27.85,96.7,5.7,12,4.96,457.33,Optimal
66,6.35,21.85,25.14,197.7,6.4,5,2.42,200.3,Moderate Stress
67,5.56,23.35,19.2,276.5,7.8,9,1.5,180.88,High Stress
68,6.15,33.85,26.57,181.0,8.0,7,6.45,485.8,Optimal
69,5.8,26.76,31.55,192.4,5.4,8,1.54,172.94,Moderate Stress
70,5.25,32.48,29.96,218.1,9.4,14,2.76,250.27,Slight Deviation
71,5.8,28.87,30.09,110.2,8.5,11,3.04,209.34,Slight Deviation
72,6.45,29.54,30.96,273.6,6.2,9,1.5,129.74,Moderate Stress
73,5.58,30.14,27.28,191.1,4.7,13,4.98,364.13,Optimal
74,6.46,20.71,27.63,269.8,7.2,7,3.27,275.28,Mild Stress
75,4.2,38.88,25.02,139.7,6.7,5,1.64,166.34,Severe Stress
76,6.05,25.88,25.99,280.0,7.7,13,4.58,384.95,Optimal
77,5.65,21.77,28.97,222.6,6.8,15,2.07,199.8,Mild Stress
78,5.44,28.04,30.85,210.4,3.9,5,2.07,226.73,Mild Stress
79,5.65,37.05,26.55,192.9,6.8,10,5.37,387.63,Near Optimal
80,4.51,37.22,25.56,166.3,6.9,11,1.65,208.12,High Stress
81,5.48,28.32,27.0,246.0,8.6,6,7.49,499.13,Optimal
82,5.8,27.35,28.92,187.7,6.2,5,3.34,247.7,Near Optimal
83,6.41,25.66,22.38,71.8,10.5,13,2.96,301.49,Mild Stress
84,5.31,40.95,19.65,118.6,4.1,12,1.5,161.64,Critical Stress
85,5.16,32.93,25.24,169.8,9.9,11,5.01,434.29,Optimal
86,5.32,32.69,23.09,197.0,7.1,9,4.59,292.12,Near Optimal
87,6.1,33.35,25.37,176.9,9.0,3,6.56,381.25,Optimal
88,5.78,30.35,26.53,247.0,7.6,3,7.39,512.64,Optimal
89,5.31,29.27,25.55,72.7,9.6,15,5.75,485.65,Optimal
90,5.88,27.88,31.65,187.9,6.8,7,1.62,242.11,Moderate Stress
91,5.65,29.19,28.05,80.0,5.5,7,5.67,398.59,Optimal
92,6.13,27.92,27.96,221.8,10.1,6,4.17,357.72,Optimal
93,5.21,34.51,28.99,174.8,7.3,3,2.84,129.39,Near Optimal
94,5.42,30.5,23.36,203.1,7.9,14,4.16,312.13,Near Optimal
95,5.38,34.02,30.33,132.5,9.7,13,1.65,234.34,Mild Stress
96,4.8,31.7,26.76,250.4,5.6,7,3.29,192.49,Slight Deviation
97,5.76,29.61,29.15,237.3,8.6,5,5.63,370.89,Near Optimal
98,5.74,19.29,23.57,212.1,6.4,7,3.66,316.45,Mild Stress
99,5.6,34.28,22.03,172.9,7.3,2,1.7,135.54,Mild Stress
100,5.47,31.82,29.62,211.9,7.6,6,4.08,293.19,Near Optimal
101,4.82,37.03,28.2,141.1,4.8,14,1.85,207.28,Moderate Stress
102,5.37,15.91,24.11,227.1,6.1,8,2.2,203.08,Moderate Stress
103,5.41,40.71,24.22,270.7,9.9,1,2.29,165.6,Moderate Stress
104,5.16,30.32,30.6,238.9,9.1,4,1.81,117.47,Mild Stress
105,5.51,35.51,23.19,139.9,7.4,11,3.17,291.21,Slight Deviation
106,5.82,23.84,32.26,199.9,7.9,1,1.5,135.75,Moderate Stress
107,6.64,29.64,24.12,108.9,7.0,14,3.0,284.21,Mild Stress
108,5.7,24.13,29.04,211.5,9.9,1,1.5,100.38,Mild Stress
109,5.74,26.16,25.95,204.8,7.1,10,6.56,490.53,Optimal
110,5.56,39.39,28.93,77.2,7.9,12,2.16,244.9,Mild Stress
111,4.54,31.93,25.26,116.1,9.6,14,1.7,244.75,Moderate Stress
112,5.59,30.82,26.48,164.4,6.1,14,6.74,480.9,Optimal
113,5.63,33.96,27.13,163.5,10.3,11,5.52,400.69,Optimal
114,6.95,28.13,23.79,113.5,4.7,8,1.5,136.78,Severe Stress
115,5.49,30.78,29.37,201.4,10.4,7,3.86,255.96,Slight Deviation
116,5.77,31.01,25.36,193.8,6.8,12,6.51,423.66,Optimal
117,5.58,41.78,26.27,169.3,7.1,10,3.56,179.69,Mild Stress
118,4.96,31.33,23.82,138.4,4.1,13,2.83,315.64,Mild Stress
119,6.23,28.82,18.8,237.7,6.7,1,1.5,80.0,Severe Stress
120,6.01,33.72,26.39,271.0,5.6,11,6.44,529.23,Optimal
121,6.04,33.91,34.72,153.4,6.4,14,1.5,227.88,High Stress
122,5.1,37.14,29.51,146.3,7.3,13,2.78,256.6,Mild Stress
123,6.37,30.58,26.94,207.0,9.2,2,2.65,196.57,Slight Deviation
124,4.83,26.29,26.16,160.3,7.9,4,3.81,275.48,Slight Deviation
125,5.92,36.91,27.07,172.3,8.1,1,3.2,161.44,Slight Deviation
126,6.8,20.37,28.75,220.7,5.5,3,1.5,113.48,High Stress
127,5.06,32.83,23.22,75.0,5.9,8,3.79,257.11,Slight Deviation
128,5.29,26.86,30.57,252.5,10.7,8,1.65,185.89,Mild Stress
129,5.65,29.23,29.29,184.0,6.2,8,4.73,322.77,Near Optimal
130,5.32,32.18,29.3,157.4,10.5,6,2.81,213.22,Slight Deviation
131,4.75,33.86,28.4,175.1,7.1,6,1.73,146.91,Moderate Stress
132,5.64,31.69,27.06,177.9,7.5,5,8.25,539.26,Optimal
133,5.02,39.51,29.15,84.8,9.4,13,1.5,252.19,Moderate Stress
134,5.86,31.19,28.89,262.2,9.8,9,5.24,377.97,Optimal
135,5.09,30.01,25.87,182.3,7.3,4,6.58,469.43,Optimal
136,6.45,31.97,25.16,204.4,6.8,10,3.14,285.2,Slight Deviation
137,5.17,36.94,27.33,232.3,7.4,15,4.34,430.04,Near Optimal
138,5.42,24.1,31.96,123.8,8.1,12,1.5,174.15,Moderate Stress
139,6.05,31.34,23.03,206.0,9.1,12,4.67,400.56,Near Optimal
140,4.92,35.25,22.3,165.3,7.5,12,1.5,183.93,Moderate Stress
141,5.73,27.82,27.53,226.6,8.6,7,7.38,394.17,Optimal
142,6.32,34.42,27.16,63.0,10.4,1,2.36,111.46,Mild Stress
143,4.72,31.59,27.55,174.5,8.2,15,3.22,333.58,Mild Stress
144,5.7,30.03,27.78,146.8,8.1,9,6.38,472.87,Optimal
145,5.74,28.41,26.29,203.8,4.8,7,7.83,480.48,Optimal
146,6.03,28.49,31.77,205.9,3.0,10,1.5,177.71,Moderate Stress
147,4.92,26.26,21.88,141.1,8.2,12,1.5,203.61,High Stress
148,4.87,24.69,24.35,140.8,7.3,9,1.5,160.79,Mild Stress
149,5.89,36.8,26.67,173.9,6.6,7,5.78,428.31,Near Optimal
150,5.76,24.99,21.74,130.7,7.9,2,1.5,126.74,Moderate Stress
151,5.74,24.32,26.44,226.3,7.4,15,5.61,455.37,Optimal
152,5.79,18.36,32.32,159.7,9.5,6,1.5,120.12,High Stress
153,5.23,27.62,27.07,40.0,7.7,10,6.98,535.29,Optimal
154,5.73,22.69,27.74,159.4,6.2,12,4.33,372.01,Optimal
155,5.76,37.43,22.97,122.9,9.3,11,2.78,206.45,Mild Stress
156,5.21,35.92,25.03,90.3,7.1,4,5.16,349.33,Optimal
157,6.63,23.17,25.8,111.9,8.4,3,2.71,146.31,Mild Stress
158,5.86,40.18,25.98,186.0,6.6,2,2.68,143.04,Mild Stress
159,4.94,36.59,31.1,253.1,6.3,6,1.5,115.18,Severe Stress
160,5.96,27.0,28.78,197.2,7.7,8,4.61,342.17,Optimal
161,5.06,18.82,23.44,146.6,7.5,6,1.8,169.11,Moderate Stress
162,6.03,39.86,27.79,205.1,8.4,9,2.93,233.49,Slight Deviation
163,6.24,20.83,28.59,154.8,7.0,14,3.56,312.82,Mild Stress
164,5.15,22.82,30.65,141.8,4.2,5,1.5,112.39,Mild Stress
165,6.13,33.22,32.06,116.5,6.7,2,1.5,142.66,Moderate Stress
166,5.83,41.21,23.75,83.6,8.9,8,2.58,118.95,Moderate Stress
167,6.05,35.27,24.41,158.6,7.0,9,5.39,384.6,Optimal
168,6.64,29.4,22.98,188.7,7.1,14,1.5,256.07,High Stress
169,5.47,33.06,26.25,174.7,9.3,10,7.34,538.5,Optimal
170,5.19,35.2,28.49,157.1,6.2,4,5.12,383.54,Optimal
171,5.11,34.96,30.16,128.0,4.7,6,1.61,80.0,Mild Stress
172,5.15,32.46,26.76,213.5,7.2,15,5.45,403.52,Optimal
173,5.56,30.34,25.98,107.6,6.6,11,6.04,468.39,Optimal
174,5.79,28.82,27.49,222.7,5.8,10,7.53,586.07,Optimal
175,5.75,25.48,24.33,124.9,7.2,8,7.19,455.46,Optimal
176,6.05,26.95,33.69,138.6,8.4,9,1.5,148.43,Moderate Stress
177,5.61,21.21,21.86,99.3,7.5,12,1.5,200.05,High Stress
178,6.4,26.81,27.59,152.4,8.1,5,4.81,277.76,Near Optimal
179,5.45,25.21,33.48,233.6,10.8,12,1.5,204.26,Moderate Stress
180,7.0,19.98,27.02,208.4,6.9,6,1.5,80.0,Severe Stress
181,5.94,29.58,26.39,233.8,8.0,11,5.83,455.03,Optimal
182,5.13,38.07,25.86,208.7,6.6,4,3.64,215.57,Slight Deviation
183,5.01,36.06,26.42,119.3,6.0,5,4.92,319.53,Near Optimal
184,5.87,21.04,31.39,161.8,6.4,7,1.5,168.82,High Stress
185,5.48,25.11,19.92,137.1,6.6,9,1.5,177.65,High Stress
186,5.99,33.23,31.91,253.2,8.1,10,1.57,173.92,Moderate Stress
187,5.86,24.01,22.44,114.2,11.7,11,3.06,305.52,Slight Deviation
188,5.56,28.7,26.15,229.2,6.2,13,6.02,405.69,Optimal
189,5.13,33.86,25.63,229.1,6.8,6,6.3,433.15,Optimal
190,4.77,27.35,28.88,280.6,7.4,14,1.66,183.94,Moderate Stress
191,5.35,30.98,21.89,157.5,8.2,6,2.81,248.73,Mild Stress
192,6.07,21.62,28.48,219.2,8.0,8,3.94,324.45,Slight Deviation
193,5.72,26.33,33.48,305.5,9.8,11,1.5,203.32,Moderate Stress
194,4.91,33.37,22.64,146.0,3.1,4,1.62,186.79,Moderate Stress
195,5.7,21.44,27.61,95.6,3.2,3,4.68,344.22,Near Optimal
196,5.81,31.27,24.88,76.6,6.6,14,5.63,444.29,Optimal
197,5.11,31.07,28.36,219.2,9.5,7,4.79,343.36,Optimal
198,5.68,32.22,27.06,76.4,4.7,5,7.01,481.63,Optimal
199,5.63,30.73,24.95,159.5,3.0,2,4.29,278.17,Optimal
200,4.97,38.41,28.56,204.1,8.5,2,1.5,130.68,Moderate Stress
201,5.8,29.73,32.77,190.2,7.9,11,1.5,99.94,Moderate Stress
202,5.91,26.62,26.39,203.4,5.5,6,7.37,556.03,Optimal
203,6.2,28.51,29.3,192.2,5.7,8,3.06,249.74,Slight Deviation
204,6.18,30.68,22.86,250.3,5.8,1,2.26,86.81,Mild Stress
205,4.84,32.22,23.94,127.6,7.7,15,2.22,221.22,Moderate Stress
206,5.08,31.46,28.51,142.8,6.4,11,2.67,173.67,Near Optimal
207,5.88,25.35,31.75,137.5,8.4,6,1.5,99.84,Moderate Stress
208,5.88,25.55,28.14,225.7,3.0,12,4.58,365.82,Optimal
209,5.88,21.85,26.0,229.5,6.0,2,4.34,329.42,Near Optimal
210,7.0,34.25,27.0,204.8,5.5,2,1.5,120.37,High Stress
211,5.91,22.55,23.0,245.1,7.0,7,3.47,272.35,Slight Deviation
212,6.22,24.38,28.93,115.2,6.5,10,2.61,196.87,Slight Deviation
213,6.12,24.55,29.82,271.7,8.9,1,1.99,98.54,Mild Stress
214,5.96,33.09,25.55,263.8,4.2,6,6.94,438.26,Optimal
215,5.43,28.74,25.5,220.5,7.6,14,6.79,494.69,Optimal
216,6.02,34.68,27.85,278.0,8.5,7,5.89,397.1,Optimal
217,5.17,27.62,25.6,88.9,10.8,14,5.12,409.54,Optimal
218,5.47,31.48,26.79,151.2,6.6,8,6.61,448.73,Optimal
219,5.33,26.33,33.72,139.6,8.1,7,1.5,122.5,Moderate Stress
220,5.65,40.28,26.21,219.7,4.3,6,4.34,313.13,Slight Deviation
221,6.87,19.95,25.85,122.2,3.2,9,2.08,185.8,Severe Stress
222,4.57,34.34,24.93,221.7,9.0,13,2.47,196.36,Moderate Stress
223,5.98,31.73,29.38,255.4,7.5,3,3.74,249.6,Slight Deviation
224,4.71,34.44,26.42,218.2,9.6,11,1.74,188.31,Moderate Stress
225,5.34,29.55,24.92,195.6,5.0,6,7.17,422.91,Optimal
226,6.2,27.25,31.23,125.7,8.4,4,1.86,122.9,Moderate Stress
227,5.64,29.8,31.54,133.4,10.9,2,1.5,126.9,Moderate Stress
228,5.01,30.73,25.08,248.7,8.3,1,3.27,164.42,Near Optimal
229,5.21,35.69,21.03,222.9,8.0,12,1.5,142.52,Moderate Stress
230,5.97,39.64,30.22,177.9,7.5,12,2.34,225.03,Moderate Stress
231,5.2,28.11,24.81,157.0,4.7,14,3.62,351.0,Near Optimal
232,5.72,22.49,29.53,68.6,9.9,1,1.58,166.16,Mild Stress
233,5.63,29.17,20.7,121.1,6.4,11,2.51,261.66,Mild Stress
234,5.24,43.68,29.86,285.1,8.4,10,1.52,209.17,High Stress
235,6.78,22.14,23.12,109.6,4.7,3,2.49,185.53,High Stress
236,5.95,36.85,29.34,190.4,5.4,4,2.5,158.02,Mild Stress
237,4.49,41.42,27.05,235.4,10.1,2,1.5,128.81,Critical Stress
238,5.7,26.63,23.95,111.0,6.9,13,5.49,430.4,Near Optimal
239,5.24,33.62,25.7,190.2,10.1,12,4.01,349.8,Optimal
240,6.07,36.43,29.2,231.6,7.4,11,2.61,211.49,Mild Stress
241,5.16,29.12,27.34,180.7,4.2,11,4.53,376.13,Optimal
242,5.54,28.86,28.87,337.8,9.1,14,3.14,296.18,Near Optimal
243,5.88,25.95,33.32,88.2,6.4,11,1.5,186.09,Moderate Stress
244,6.08,23.19,21.99,238.2,8.8,1,1.95,122.02,Moderate Stress
245,4.94,28.43,32.18,170.5,7.5,4,1.5,112.3,High Stress
246,5.42,24.12,27.33,222.5,4.7,15,4.76,422.56,Optimal
247,5.34,30.65,24.12,204.3,7.8,7,5.8,389.79,Optimal
248,5.24,26.93,22.74,139.7,11.5,10,3.54,236.8,Slight Deviation
249,6.57,27.96,26.39,192.6,8.4,11,2.96,200.01,Mild Stress
250,5.82,21.26,29.95,77.8,7.4,6,2.71,217.05,Mild Stress
251,4.91,33.42,26.59,213.2,9.4,6,3.27,228.55,Slight Deviation
252,6.1,32.37,31.84,196.4,7.9,11,1.5,117.48,Moderate Stress
253,6.77,16.22,22.36,215.1,7.9,9,1.5,165.73,Critical Stress
254,6.17,29.86,26.96,238.2,5.5,14,4.83,398.51,Optimal
255,4.76,38.36,22.99,200.2,7.9,15,1.5,192.51,Severe Stress
256,5.33,24.46,28.16,188.1,9.4,2,3.17,214.84,Near Optimal
257,6.3,35.96,29.84,131.5,6.0,4,2.35,219.03,Moderate Stress
258,5.21,32.97,25.65,140.8,10.1,5,6.33,464.76,Optimal
259,5.84,25.45,18.67,245.3,7.3,1,1.5,103.03,High Stress
260,6.03,28.13,27.64,259.0,5.9,8,4.47,329.24,Optimal
261,5.09,34.02,28.4,166.9,9.3,8,4.56,343.12,Optimal
262,5.57,30.17,28.29,182.5,7.0,6,6.93,474.62,Optimal
263,4.2,36.59,30.95,130.2,8.9,12,1.5,176.61,Critical Stress
264,5.04,26.78,23.57,244.5,7.0,5,1.62,143.31,Mild Stress
265,5.46,30.97,29.18,216.6,7.4,8,4.57,283.12,Near Optimal
266,4.91,24.7,30.82,286.8,8.4,3,1.5,116.85,Moderate Stress
267,6.5,26.44,21.31,131.7,8.0,3,1.5,130.69,High Stress
268,4.81,27.55,28.02,159.2,3.9,2,1.96,116.46,Mild Stress
269,5.36,26.74,25.39,192.7,5.5,5,6.27,412.86,Optimal
270,5.67,35.67,26.74,215.6,9.2,3,6.51,375.7,Optimal
271,6.39,32.79,28.11,168.1,7.3,3,3.98,219.04,Slight Deviation
272,4.81,35.12,25.44,132.0,6.6,15,2.25,262.38,Mild Stress
273,6.24,22.32,24.84,228.5,5.1,6,3.79,249.87,Slight Deviation
274,5.61,28.09,27.11,219.7,5.6,8,6.44,388.21,Optimal
275,5.06,37.39,23.52,129.6,3.9,2,1.5,80.0,Moderate Stress
276,5.85,29.66,23.53,254.5,7.3,4,4.6,274.18,Near Optimal
277,5.71,40.97,29.17,244.4,6.4,11,1.99,234.51,High Stress
278,5.27,32.66,23.32,187.4,5.8,7,5.21,374.87,Near Optimal
279,5.64,30.54,29.13,184.4,7.4,1,2.42,122.69,Mild Stress
280,5.39,28.78,28.48,210.5,8.2,1,2.59,142.83,Near Optimal
281,5.66,30.19,21.48,132.6,11.3,12,1.58,236.72,Moderate Stress
282,5.96,27.86,24.83,181.7,4.8,13,5.53,468.56,Optimal
283,6.47,30.63,30.82,61.6,9.6,10,2.17,171.07,Moderate Stress
284,4.92,36.52,23.86,228.2,9.3,7,4.17,346.92,Mild Stress
285,6.77,22.26,25.51,94.1,6.1,14,2.04,231.58,Moderate Stress
286,4.53,26.25,28.48,262.7,7.9,7,1.8,191.99,Moderate Stress
287,5.52,20.76,29.51,161.8,6.7,1,1.5,92.28,Moderate Stress
288,5.92,31.28,26.2,168.4,7.8,1,4.06,293.1,Optimal
289,5.75,23.73,25.09,145.5,10.2,4,6.28,368.21,Optimal
290,5.26,19.96,31.55,164.2,8.6,5,1.5,121.06,High Stress
291,5.49,31.97,32.56,258.0,8.4,5,1.5,172.58,Moderate Stress
292,5.33,42.97,30.13,43.2,6.7,4,1.5,80.0,High Stress
293,5.28,30.63,27.27,250.2,4.8,8,5.64,400.79,Optimal
294,6.07,32.48,24.41,198.6,7.1,7,5.7,384.23,Optimal
295,5.8,29.51,24.34,113.6,9.7,9,5.26,411.56,Optimal
296,5.22,30.35,28.67,120.9,4.8,7,4.69,374.85,Optimal
297,6.09,32.83,28.34,272.2,5.6,15,5.54,477.96,Optimal
298,5.77,27.74,31.49,128.0,7.7,10,1.5,178.44,Moderate Stress
299,6.05,29.69,29.08,116.6,5.7,1,2.76,175.02,Slight Deviation
300,5.95,30.26,22.19,242.6,6.1,13,3.44,298.41,Slight Deviation
301,5.14,27.74,30.37,198.6,6.7,14,2.63,277.15,Slight Deviation
302,5.29,35.59,23.81,128.4,5.0,7,4.25,362.09,Near Optimal
303,6.01,27.6,25.77,191.9,5.7,1,2.96,156.53,Near Optimal
304,5.94,24.9,27.8,123.6,8.8,7,5.51,372.53,Optimal
305,5.59,32.41,33.39,240.5,5.1,10,1.5,167.36,Moderate Stress
306,5.66,25.03,36.0,238.4,4.6,8,1.5,189.03,High Stress
307,6.3,27.74,28.94,209.3,6.4,11,2.94,272.22,Slight Deviation
308,5.27,30.64,26.41,199.9,8.8,9,6.49,495.82,Optimal
309,5.9,34.23,28.71,276.9,7.1,12,4.13,379.99,Optimal
310,5.49,32.4,29.84,180.0,6.7,3,3.56,258.32,Slight Deviation
311,5.48,29.93,25.97,115.0,7.6,15,6.0,442.76,Optimal
312,6.2,31.99,32.74,204.7,4.4,4,1.5,180.14,Moderate Stress
313,6.05,35.3,27.74,294.7,8.4,4,4.91,376.03,Optimal
314,6.05,31.14,28.59,124.2,8.2,12,4.49,367.62,Optimal
315,6.32,27.59,29.13,160.1,6.8,9,2.91,198.24,Mild Stress
316,5.61,23.11,28.35,202.9,9.3,13,3.83,279.18,Near Optimal
317,5.98,23.23,29.68,177.0,5.5,7,1.87,177.1,Mild Stress
318,5.43,28.68,25.02,126.0,9.5,3,6.46,387.04,Optimal
319,5.78,26.11,25.21,241.7,7.8,10,7.05,442.9,Optimal
320,5.53,28.98,23.48,307.6,6.9,5,4.69,266.12,Near Optimal
321,5.65,29.83,28.41,190.8,7.5,7,5.41,364.15,Optimal
322,5.93,31.36,29.49,130.3,7.3,8,2.43,216.62,Mild Stress
323,5.15,30.7,28.46,94.8,9.7,1,1.78,164.0,Slight Deviation
324,6.75,28.68,32.36,194.2,5.6,12,1.5,202.95,Severe Stress
325,5.05,31.67,26.98,240.7,6.1,2,3.08,187.45,Near Optimal
326,4.93,21.83,29.14,206.1,9.4,7,2.24,203.7,High Stress
327,6.24,23.08,23.51,179.9,6.4,11,2.88,270.97,Mild Stress
328,6.04,27.66,25.76,147.6,9.1,15,5.41,470.48,Optimal
329,5.94,22.63,29.23,119.9,10.6,13,2.53,254.4,Slight Deviation
330,5.95,31.65,29.72,225.9,6.8,14,3.42,353.47,Slight Deviation
331,5.59,37.38,26.06,230.3,8.7,13,4.94,429.26,Near Optimal
332,5.11,37.26,26.77,95.0,5.4,15,3.4,326.89,Slight Deviation
333,5.64,28.51,22.14,267.4,8.9,2,2.88,184.63,Slight Deviation
334,5.23,38.26,25.86,211.6,7.9,7,5.63,425.99,Near Optimal
335,6.14,28.82,29.85,257.0,8.4,15,1.84,205.43,Mild Stress
336,5.52,28.25,28.84,106.2,6.3,9,5.12,326.47,Optimal
337,5.15,27.98,28.6,104.9,4.5,11,5.35,356.07,Optimal
338,5.42,28.73,27.16,171.8,8.4,2,4.09,233.53,Optimal
339,5.83,27.07,27.02,207.7,3.8,7,6.8,487.09,Optimal
340,5.29,31.48,24.89,278.8,6.9,4,6.06,380.8,Optimal
341,5.15,31.85,29.24,218.8,9.2,11,3.2,287.16,Slight Deviation
342,5.73,29.33,28.35,166.7,7.8,13,5.28,403.46,Optimal
343,5.73,31.49,28.57,123.5,11.0,2,2.45,145.94,Slight Deviation
344,5.32,36.49,25.32,247.7,9.3,13,4.48,336.91,Near Optimal
345,5.34,35.23,20.11,126.9,6.3,7,1.5,142.78,Moderate Stress
346,5.73,21.89,30.51,269.6,7.5,13,1.53,189.67,Moderate Stress
347,4.8,19.33,25.47,164.4,7.4,5,1.65,153.44,Moderate Stress
348,4.83,36.68,24.24,267.5,4.7,1,1.89,131.47,Moderate Stress
349,5.2,24.07,29.22,217.3,5.8,5,2.07,157.3,Mild Stress
350,5.48,28.94,25.75,172.5,6.5,12,5.77,389.49,Optimal
351,5.77,23.34,30.39,151.4,3.8,12,2.52,284.67,Slight Deviation
352,6.41,18.26,28.97,161.3,7.6,3,1.5,111.02,Moderate Stress
353,6.07,31.0,29.19,203.6,7.1,7,2.88,231.59,Slight Deviation
354,5.51,33.77,22.63,184.2,4.5,6,4.0,344.02,Near Optimal
355,5.59,26.85,30.88,147.3,8.2,8,1.8,203.79,Mild Stress
356,5.05,18.39,27.84,170.9,8.8,13,1.84,230.03,Mild Stress
357,5.59,27.0,25.82,184.3,7.9,5,6.65,438.92,Optimal
358,5.44,32.14,27.46,62.9,6.9,2,4.93,311.39,Optimal
359,5.78,21.77,21.32,205.2,8.6,9,1.5,170.4,High Stress
360,5.15,31.97,28.31,126.1,8.7,14,5.46,453.84,Optimal
361,5.89,28.75,23.71,116.6,8.1,11,4.49,417.3,Near Optimal
362,6.44,30.08,22.67,87.2,6.0,8,2.89,323.96,Mild Stress
363,5.54,30.48,22.13,81.3,8.0,6,3.13,245.96,Slight Deviation
364,5.82,24.17,30.56,105.5,9.7,13,1.51,119.24,Mild Stress
365,5.98,34.54,24.99,141.0,6.4,10,5.57,380.89,Optimal
366,5.38,29.57,31.91,287.4,11.3,7,1.56,213.0,Moderate Stress
367,5.72,29.2,25.29,151.1,6.6,9,6.44,483.55,Optimal
368,5.61,25.0,21.54,189.8,7.6,7,2.65,229.91,Mild Stress
369,5.65,27.33,23.43,202.0,6.3,3,3.88,250.96,Slight Deviation
370,5.17,26.57,30.95,187.2,7.9,6,1.82,115.58,Mild Stress
371,5.61,28.81,26.5,175.7,4.4,11,6.72,549.92,Optimal
372,5.87,37.45,25.25,114.3,6.5,13,3.82,304.39,Slight Deviation
373,6.4,20.44,27.51,259.8,5.5,11,2.84,283.93,Mild Stress
374,6.13,20.04,28.61,279.4,7.7,7,2.83,180.28,Slight Deviation
375,6.78,33.52,30.58,87.5,9.3,2,1.54,100.86,High Stress
376,5.18,29.91,31.64,123.7,8.7,3,1.5,148.75,Moderate Stress
377,6.08,24.91,25.85,164.6,3.2,4,7.55,476.26,Optimal
378,5.7,34.6,22.76,127.0,11.2,10,2.56,220.7,Slight Deviation
379,6.8,23.07,25.68,207.8,8.0,6,2.03,170.17,Moderate Stress
380,5.16,40.15,27.83,139.9,6.1,1,1.5,80.0,Moderate Stress
381,5.14,34.47,23.92,299.1,7.8,9,5.36,340.25,Near Optimal
382,5.27,28.25,23.94,245.5,7.8,5,5.0,365.0,Near Optimal
383,4.43,44.0,28.1,191.7,6.3,13,1.5,179.22,Critical Stress
384,5.31,27.54,26.84,236.5,7.9,12,5.55,453.73,Optimal
385,5.18,34.67,27.1,240.8,6.4,14,4.33,410.94,Optimal
386,5.68,30.96,24.57,149.0,6.8,7,6.38,480.75,Optimal
387,5.79,35.64,26.26,135.1,6.3,9,5.58,350.06,Optimal
388,6.63,34.42,24.04,184.3,4.9,9,2.91,222.18,Mild Stress
389,6.12,28.3,29.85,227.4,7.8,1,2.06,150.42,Mild Stress
390,5.28,26.89,30.31,187.6,8.6,15,2.5,289.36,Slight Deviation
391,5.11,33.47,21.09,93.3,8.4,1,2.11,213.33,Moderate Stress
392,5.87,25.5,24.03,135.8,9.0,3,4.15,241.23,Optimal
393,4.87,41.96,22.21,175.9,8.1,6,1.5,178.89,Severe Stress
394,6.61,27.35,24.92,175.8,6.5,2,2.83,198.83,Mild Stress
395,6.25,25.92,26.73,288.5,9.0,10,5.2,334.59,Near Optimal
396,5.34,31.4,22.36,103.8,5.1,12,1.53,168.63,Mild Stress
397,4.66,25.78,24.05,207.8,5.9,11,1.5,187.19,Moderate Stress
398,6.34,22.62,23.79,261.9,5.8,1,2.13,80.0,Moderate Stress
399,5.54,35.88,27.66,304.9,9.4,1,3.41,140.01,Near Optimal
400,6.28,24.38,27.22,157.8,9.2,13,4.26,297.96,Near Optimal
401,4.72,27.11,24.69,207.0,8.4,5,2.59,204.47,Mild Stress
402,5.27,33.37,27.57,211.3,9.4,4,5.56,348.64,Optimal
403,5.6,35.63,25.25,190.8,5.9,1,3.14,174.7,Near Optimal
404,5.63,33.2,26.13,174.6,8.1,4,7.25,446.5,Optimal
405,5.35,35.43,32.36,204.0,7.3,3,1.5,80.0,Moderate Stress
406,5.94,24.9,31.29,40.7,9.0,2,1.5,90.03,Moderate Stress
407,5.01,24.36,22.84,217.5,7.3,9,3.59,223.69,Slight Deviation
408,5.52,37.45,29.66,186.9,6.8,14,1.5,243.57,Moderate Stress
409,5.67,27.88,29.6,167.8,8.5,15,3.17,369.43,Slight Deviation
410,5.88,27.61,23.33,292.6,9.1,11,3.72,229.79,Slight Deviation
411,5.99,35.17,29.62,142.9,6.3,1,3.01,172.18,Slight Deviation
412,4.98,34.34,31.92,157.8,7.4,7,1.5,131.86,High Stress
413,4.76,34.5,23.41,289.5,5.6,14,1.64,204.29,High Stress
414,6.3,38.43,24.06,134.2,3.0,13,2.61,295.65,Mild Stress
415,5.78,25.94,30.26,149.7,7.9,4,3.89,249.08,Slight Deviation
416,5.19,35.57,27.87,171.9,8.6,5,3.81,265.51,Near Optimal
417,6.45,27.44,28.76,226.2,8.0,10,2.1,310.27,Mild Stress
418,5.66,30.86,28.09,191.4,4.0,5,6.17,406.3,Optimal
419,6.25,35.39,28.25,108.9,6.9,1,2.56,223.42,Slight Deviation
420,5.64,32.12,22.76,150.7,3.5,6,4.73,349.37,Near Optimal
421,6.73,29.0,30.35,146.6,10.0,13,1.5,174.62,High Stress
422,6.57,32.15,30.74,175.8,5.5,9,2.36,188.37,High Stress
423,5.46,28.3,26.27,203.4,9.8,2,3.19,207.15,Near Optimal
424,6.13,23.91,26.86,203.0,9.2,7,4.46,284.17,Optimal
425,5.95,23.43,22.1,82.3,5.9,6,3.08,202.56,Slight Deviation
426,6.35,17.62,28.65,238.5,5.5,5,1.5,115.19,High Stress
427,5.07,41.57,28.83,193.9,8.1,4,1.5,132.27,Moderate Stress
428,5.98,23.04,26.8,256.1,6.0,4,6.47,484.11,Optimal
429,6.18,26.85,30.6,204.4,7.7,6,1.5,121.03,Mild Stress
430,4.63,31.23,25.93,240.6,6.6,4,2.77,214.35,Mild Stress
431,4.95,33.19,28.81,205.7,4.3,5,3.03,164.82,Slight Deviation
432,4.48,37.14,23.74,254.0,3.5,13,1.95,258.11,Critical Stress
433,5.45,34.45,26.92,208.7,7.9,6,5.07,291.94,Optimal
434,5.99,25.61,26.44,174.6,6.5,5,6.56,461.54,Optimal
435,6.43,26.37,27.72,305.0,6.5,7,3.42,258.37,Slight Deviation
436,5.64,30.99,25.82,228.9,8.8,9,7.81,536.38,Optimal
437,6.5,25.76,26.58,211.6,9.6,10,3.5,279.49,Slight Deviation
438,4.84,40.02,29.64,109.8,7.0,7,2.24,144.86,Severe Stress
439,4.66,34.97,25.6,109.1,6.9,7,2.23,146.11,Moderate Stress
440,5.57,33.46,21.86,196.1,8.4,4,1.5,151.28,Moderate Stress
441,5.81,32.38,32.6,188.0,5.1,1,1.5,98.42,Moderate Stress
442,5.58,35.63,31.42,146.2,7.9,14,1.5,191.24,Moderate Stress
443,4.46,34.03,22.86,187.8,8.5,8,1.88,192.32,Severe Stress
444,5.55,23.37,29.21,267.4,8.7,4,2.78,202.35,Slight Deviation
445,4.88,33.86,25.39,218.2,4.0,1,1.65,80.0,Mild Stress
446,5.97,25.33,27.84,117.2,6.1,5,5.93,481.93,Optimal
447,5.8,26.46,27.94,173.9,5.9,14,4.1,383.93,Optimal
448,5.08,34.19,26.25,135.7,7.7,14,4.17,366.65,Optimal
449,5.32,36.73,24.49,158.7,8.4,8,4.66,325.62,Near Optimal
450,5.02,31.55,24.79,157.3,10.2,4,4.89,358.75,Optimal
451,5.57,31.33,24.07,153.7,6.6,13,4.72,359.64,Optimal
452,6.13,36.62,24.34,111.0,6.6,12,3.29,262.89,Slight Deviation
453,5.06,32.52,26.79,173.0,9.6,8,5.28,440.07,Optimal
454,5.88,41.87,24.71,149.2,8.0,8,2.79,232.47,Mild Stress
455,5.31,33.4,29.18,40.0,9.8,3,2.96,174.88,Slight Deviation
456,5.16,22.22,31.76,292.9,8.0,9,1.57,166.4,Moderate Stress
457,5.54,33.65,25.14,239.9,5.4,3,6.92,468.96,Optimal
458,5.03,33.32,27.77,159.3,5.1,1,3.6,245.74,Near Optimal
459,5.3,37.05,28.6,181.0,4.7,2,2.67,210.3,Slight Deviation
460,4.94,35.05,28.51,115.6,8.7,15,1.82,185.47,Mild Stress
461,6.68,25.77,27.24,273.3,9.6,6,3.0,261.22,Mild Stress
462,5.62,23.52,29.38,284.4,10.8,12,2.29,227.13,Mild Stress
463,5.22,29.79,28.54,188.6,9.0,10,3.53,294.92,Near Optimal
464,5.72,25.09,23.04,236.3,9.6,2,2.3,196.33,Mild Stress
465,5.54,26.98,29.78,189.6,6.5,6,4.03,314.4,Near Optimal
466,5.48,33.0,29.84,106.5,5.4,14,2.97,302.49,Slight Deviation
467,5.94,37.03,24.56,157.3,9.0,1,2.19,80.0,Mild Stress
468,6.02,30.41,27.12,187.3,8.3,11,5.22,399.61,Optimal
469,5.31,24.59,29.19,155.0,7.7,13,2.85,247.54,Slight Deviation
470,5.28,32.88,26.33,168.0,8.2,1,2.72,196.09,Near Optimal
471,5.45,36.13,30.43,175.0,8.1,5,2.64,233.08,Mild Stress
472,4.33,30.46,34.56,175.6,9.8,10,1.5,159.43,Critical Stress
473,4.77,31.52,24.48,182.9,9.8,13,1.98,199.45,Moderate Stress
474,6.35,27.52,22.58,121.7,8.5,11,1.59,237.87,Moderate Stress
475,6.5,23.08,27.97,140.6,9.0,9,3.57,265.09,Slight Deviation
476,5.46,33.36,29.31,109.3,8.4,14,3.1,256.19,Slight Deviation
477,5.92,28.14,26.26,233.8,6.7,8,7.78,501.66,Optimal
478,5.77,31.29,31.65,64.2,8.9,3,2.44,150.98,Moderate Stress
479,7.0,21.06,22.72,243.4,5.0,15,1.5,179.85,Critical Stress
480,6.22,25.65,29.22,256.2,9.4,3,2.95,230.59,Mild Stress
481,5.53,33.52,25.06,163.4,5.3,15,4.1,289.07,Optimal
482,5.07,29.43,32.5,40.0,8.0,1,1.5,80.0,Moderate Stress
483,4.72,40.97,33.38,160.1,6.0,14,1.5,200.34,Critical Stress
484,5.71,27.37,24.55,176.5,8.5,3,6.5,421.36,Optimal
485,5.18,32.08,25.24,124.4,7.4,15,3.69,400.61,Near Optimal
486,4.82,36.7,29.75,151.7,4.6,14,1.5,256.08,High Stress
487,5.24,23.69,25.76,264.2,8.3,12,4.29,297.37,Optimal
488,5.01,22.67,26.85,216.6,6.5,12,2.55,182.22,Near Optimal
489,6.53,19.28,27.08,129.1,9.1,12,1.5,186.87,High Stress
490,6.08,34.57,20.86,92.1,7.5,13,1.5,170.44,Moderate Stress
491,5.6,26.94,26.96,162.0,8.2,11,5.29,363.68,Optimal
492,6.41,40.06,24.79,168.3,5.8,1,2.75,173.56,Moderate Stress
493,5.64,26.76,25.42,207.3,6.4,8,7.04,494.47,Optimal
494,5.13,32.03,31.62,150.6,6.7,1,1.5,80.0,Moderate Stress
495,6.44,34.89,22.98,208.1,9.0,5,2.65,177.16,Mild Stress
496,5.9,38.83,29.6,286.4,10.5,9,2.63,203.13,Mild Stress
497,5.03,41.72,26.11,224.9,6.1,7,1.64,140.0,Moderate Stress
498,5.5,36.04,26.1,177.4,9.4,4,5.43,376.75,Near Optimal
499,5.12,36.26,29.53,169.9,3.6,11,2.8,218.27,Mild Stress
500,4.84,34.94,28.09,160.4,5.4,9,3.08,234.38,Slight Deviation
501,6.11,32.06,28.83,244.9,5.8,9,4.06,301.63,Optimal
502,6.65,23.79,30.1,145.5,5.1,2,1.5,105.76,High Stress
503,4.83,27.92,25.94,182.5,4.6,10,4.31,348.26,Near Optimal
504,5.91,28.75,25.04,182.8,8.2,10,8.05,634.48,Optimal
505,5.24,29.93,23.53,152.4,7.1,11,4.06,351.62,Near Optimal
506,5.33,28.24,24.36,104.5,8.2,12,4.28,373.66,Optimal
507,5.27,34.17,36.0,197.8,8.7,6,1.5,128.67,High Stress
508,5.12,35.92,30.98,176.6,8.0,4,1.76,103.3,Mild Stress
509,5.63,30.05,22.68,207.5,8.7,8,4.9,339.51,Near Optimal
510,5.14,38.47,22.77,150.7,7.4,12,1.5,161.14,Moderate Stress
511,5.75,23.54,28.54,247.1,5.4,11,3.89,335.13,Near Optimal
512,5.57,28.82,28.75,131.8,9.4,7,4.5,268.21,Optimal
513,5.47,26.51,28.76,274.2,6.4,7,4.28,333.54,Optimal
514,5.1,21.87,26.18,83.9,5.8,11,3.94,320.3,Slight Deviation
515,5.28,30.25,26.6,203.9,7.2,10,6.84,516.07,Optimal
516,6.02,27.83,28.05,206.1,5.9,9,5.06,350.26,Optimal
517,5.88,36.43,27.27,136.2,6.7,13,4.57,346.65,Near Optimal
518,5.06,34.47,19.9,203.3,8.1,5,1.5,115.77,High Stress
519,5.65,24.43,26.26,250.4,8.1,6,8.12,520.13,Optimal
520,6.01,37.74,24.28,58.1,5.9,1,2.83,206.02,Slight Deviation
521,4.68,38.57,27.56,207.7,6.6,6,1.5,165.89,High Stress
522,5.9,31.71,36.0,42.9,9.4,2,1.5,172.68,High Stress
523,5.24,29.65,28.18,126.9,8.4,6,5.8,378.66,Optimal
524,5.91,23.97,26.0,269.6,11.2,9,7.11,381.44,Optimal
525,5.18,29.1,29.95,148.0,9.6,8,4.01,290.27,Near Optimal
526,4.61,38.11,28.54,115.4,9.6,9,1.94,196.47,High Stress
527,4.7,41.82,28.34,169.1,5.0,13,1.5,219.01,Severe Stress
528,5.63,37.33,28.94,293.7,8.9,15,3.03,312.43,Slight Deviation
529,5.74,26.84,33.58,79.3,7.4,10,1.5,152.63,Moderate Stress
530,5.1,25.6,23.38,122.2,6.5,8,3.38,326.8,Slight Deviation
531,5.95,29.35,28.52,262.4,7.8,3,5.93,343.62,Optimal
532,4.69,23.59,24.04,282.2,9.2,8,2.23,188.19,Moderate Stress
533,5.56,31.44,28.78,174.3,8.4,6,5.55,343.2,Optimal
534,4.93,30.97,24.06,111.9,5.9,13,3.68,325.49,Slight Deviation
535,5.24,28.45,25.66,295.3,8.8,6,5.56,437.22,Optimal
536,5.63,21.64,26.06,267.7,6.4,6,4.24,297.47,Near Optimal
537,5.13,33.68,30.12,217.3,7.9,3,1.57,113.48,Mild Stress
538,5.39,27.67,29.94,135.3,7.0,10,2.85,191.64,Slight Deviation
539,6.15,22.2,23.01,177.3,7.1,1,1.89,111.36,Mild Stress
540,5.28,16.3,27.18,171.2,8.9,12,1.63,234.07,Moderate Stress
541,6.06,28.18,24.73,198.2,5.6,14,5.64,441.64,Optimal
542,4.98,40.42,22.97,259.8,11.0,4,1.5,110.88,Severe Stress
543,5.89,37.14,26.31,228.4,4.2,10,5.77,464.9,Near Optimal
544,6.39,25.04,26.01,120.7,6.4,12,3.92,320.23,Slight Deviation
545,4.24,30.77,34.77,255.7,8.2,6,1.5,183.22,Critical Stress
546,5.16,33.36,28.39,197.2,8.6,11,3.0,223.04,Near Optimal
547,5.92,23.75,22.59,217.8,7.3,12,4.15,368.72,Near Optimal
548,5.49,31.54,25.19,260.7,7.4,10,6.57,531.82,Optimal
549,5.8,32.93,30.27,118.9,8.2,2,1.5,141.27,Mild Stress
550,5.27,36.82,33.68,178.0,7.1,7,1.5,80.65,High Stress
551,5.65,29.05,21.92,150.8,10.0,7,5.19,345.06,Slight Deviation
552,5.51,28.95,20.98,93.8,9.0,11,2.28,216.33,Moderate Stress
553,6.24,23.39,32.99,199.1,9.1,4,1.5,157.35,High Stress
554,5.74,25.15,28.25,318.1,5.8,4,5.65,324.39,Optimal
555,5.79,28.0,24.22,78.8,7.4,15,4.84,374.74,Optimal
556,5.37,32.23,28.71,178.2,7.0,1,2.98,130.62,Near Optimal
557,5.33,35.08,18.57,215.2,5.7,13,1.5,165.1,High Stress
558,5.36,26.4,27.01,186.8,8.1,2,4.74,256.59,Optimal
559,5.82,36.5,28.05,173.8,6.5,9,4.8,415.93,Near Optimal
560,5.37,29.03,29.96,108.5,8.7,10,2.9,231.34,Slight Deviation
561,5.76,29.11,23.76,192.8,5.6,8,5.1,394.18,Near Optimal
562,6.74,22.54,27.27,138.4,10.6,8,2.29,202.03,Moderate Stress
563,6.08,16.14,24.04,59.6,5.9,9,2.29,209.54,Moderate Stress
564,5.42,34.66,27.82,245.7,7.9,15,3.83,329.1,Near Optimal
565,6.26,31.4,24.13,232.7,8.9,7,5.12,390.15,Near Optimal
566,5.38,28.95,25.69,182.8,6.5,13,5.95,466.4,Optimal
567,4.48,33.39,23.81,192.6,9.0,9,2.3,213.39,Severe Stress
568,5.05,33.93,29.08,239.1,5.3,10,3.81,287.83,Slight Deviation
569,4.57,24.98,29.75,192.3,10.1,12,1.5,170.96,High Stress
570,5.41,27.62,26.25,229.7,7.5,2,3.46,244.21,Near Optimal
571,5.61,33.64,27.12,163.6,6.4,6,6.05,419.05,Optimal
572,6.52,20.67,22.36,252.2,7.0,15,2.3,262.32,Severe Stress
573,5.78,30.63,26.04,197.6,9.0,3,7.55,450.61,Optimal
574,5.48,23.28,26.84,190.7,6.4,11,5.77,502.24,Optimal
575,6.06,30.65,35.39,110.1,6.2,15,1.5,193.21,High Stress
576,4.38,33.18,23.44,195.8,7.1,6,1.73,150.74,Severe Stress
577,5.73,21.23,31.69,134.2,5.4,3,1.57,111.65,High Stress
578,6.02,34.26,30.19,144.9,10.8,8,1.89,245.81,Mild Stress
579,4.79,28.46,27.9,135.2,6.5,15,2.9,283.82,Mild Stress
580,6.23,23.76,32.63,121.4,9.0,11,1.5,164.62,High Stress
581,5.79,30.13,28.19,296.9,7.9,15,4.81,412.74,Optimal
582,5.37,36.13,28.25,253.2,5.7,13,4.14,328.13,Near Optimal
583,5.95,23.57,26.83,285.6,7.5,4,4.99,335.31,Optimal
584,6.85,26.26,30.92,112.7,8.9,12,1.5,269.01,Severe Stress
585,5.7,31.54,30.51,183.9,7.2,10,1.78,197.29,Mild Stress
586,5.74,32.75,25.0,108.9,9.6,6,7.55,510.21,Optimal
587,5.35,31.33,22.78,141.7,9.3,15,3.01,275.47,Slight Deviation
588,5.13,29.27,26.35,129.5,9.2,9,5.12,439.02,Optimal
589,6.06,24.18,24.44,248.2,6.7,2,2.17,214.07,Slight Deviation
590,5.13,31.54,26.8,158.2,5.6,2,2.97,224.04,Near Optimal
591,5.64,24.22,30.96,238.8,6.4,7,1.5,168.88,Mild Stress
592,5.34,15.87,25.54,213.2,7.9,15,1.77,217.98,Moderate Stress
593,5.86,31.1,26.86,306.7,8.5,2,4.88,322.5,Optimal
594,5.78,33.68,27.19,98.6,3.6,2,3.78,213.57,Near Optimal
595,6.17,16.18,29.71,249.3,7.5,4,1.5,82.59,High Stress
596,5.32,25.49,19.81,243.1,7.8,9,1.5,109.94,High Stress
597,5.45,33.25,25.06,126.5,7.0,8,6.56,471.97,Optimal
598,5.06,41.61,27.68,235.4,9.8,2,2.61,124.36,Mild Stress
599,5.36,30.52,30.84,198.5,8.3,8,2.59,201.91,Slight Deviation
600,5.81,25.43,25.43,167.5,9.9,4,6.77,436.06,Optimal
601,6.02,27.53,21.0,134.7,7.1,2,1.7,152.84,Moderate Stress
602,5.09,38.1,28.98,140.4,9.2,11,2.11,194.36,Mild Stress
603,6.08,25.03,24.97,292.7,10.4,10,5.56,452.56,Optimal
604,6.35,23.45,23.19,180.0,9.9,7,3.9,322.87,Mild Stress
605,5.83,26.6,25.0,223.0,5.5,6,5.66,350.1,Optimal
606,6.63,21.84,26.41,136.5,7.0,14,2.85,322.3,Moderate Stress
607,5.17,31.6,25.06,137.1,6.9,10,5.59,405.47,Optimal
608,4.92,39.86,19.94,239.5,8.4,5,1.5,112.54,Critical Stress
609,4.62,34.26,29.87,105.8,8.7,11,1.5,168.22,High Stress
610,6.42,25.98,31.08,157.2,6.0,1,1.5,97.88,High Stress
611,5.96,27.16,29.08,181.9,7.6,2,2.52,152.67,Slight Deviation
612,5.57,21.97,23.36,186.1,3.9,8,3.53,246.41,Mild Stress
613,5.75,33.67,26.36,170.1,10.1,1,3.75,206.71,Near Optimal
614,4.98,31.17,26.98,201.8,6.6,3,3.55,241.86,Slight Deviation
615,6.95,24.75,28.92,218.1,7.6,2,1.5,100.38,High Stress
616,5.67,45.46,29.14,220.4,6.9,5,1.5,148.46,Severe Stress
617,5.66,31.01,24.65,125.8,9.6,4,6.89,447.23,Optimal
618,6.0,24.74,27.26,164.4,3.0,13,5.95,463.7,Optimal
619,5.86,26.79,28.46,245.7,7.5,7,4.79,364.15,Optimal
620,5.72,35.08,31.66,229.2,7.3,5,1.5,179.66,Moderate Stress
621,5.17,31.56,29.25,104.5,6.7,8,3.06,298.67,Slight Deviation
622,5.86,21.73,29.52,199.3,10.6,4,2.9,252.91,Mild Stress
623,6.64,31.18,27.27,71.2,5.9,15,3.23,344.27,Mild Stress
624,6.34,24.14,31.51,182.6,8.9,12,1.5,258.99,High Stress
625,6.48,36.43,28.31,284.4,8.1,6,3.37,265.52,Mild Stress
626,5.32,35.94,24.24,127.9,9.8,4,5.38,366.19,Optimal
627,5.06,29.08,31.49,134.1,6.3,2,1.5,184.54,Moderate Stress
628,5.53,36.32,29.23,222.0,6.2,1,3.37,114.79,Mild Stress
629,5.63,29.95,25.58,95.1,9.5,14,6.08,469.31,Optimal
630,6.2,32.16,25.47,145.2,8.3,14,5.09,461.24,Optimal
631,4.67,34.91,27.95,212.8,4.7,1,2.19,173.71,Moderate Stress
632,6.44,22.95,28.48,145.1,6.5,8,3.12,341.0,Slight Deviation
633,5.51,26.75,27.63,167.0,8.2,14,3.8,343.76,Near Optimal
634,5.37,35.54,28.0,220.9,9.0,4,4.83,306.72,Optimal
635,5.04,29.71,32.44,203.2,6.3,5,1.5,118.38,Moderate Stress
636,4.69,30.41,30.43,194.7,3.0,11,1.5,189.13,High Stress
637,6.05,23.57,27.61,161.3,8.4,8,5.31,439.36,Optimal
638,5.64,31.7,30.01,200.4,5.3,12,3.04,335.59,Slight Deviation
639,4.89,42.14,23.7,173.2,3.9,15,2.1,244.04,Severe Stress
640,4.89,26.49,28.27,205.2,3.0,7,2.81,233.46,Slight Deviation
641,5.42,30.36,32.79,152.7,9.0,13,1.5,172.59,Moderate Stress
642,6.52,34.0,26.3,170.0,7.7,8,4.12,293.45,Slight Deviation
643,5.46,29.72,24.29,125.6,7.1,13,6.32,519.82,Optimal
644,4.77,34.45,24.91,178.1,10.0,8,4.88,412.88,Slight Deviation
645,5.46,24.81,23.51,135.4,8.6,6,5.51,354.2,Near Optimal
646,5.45,32.29,24.49,118.7,10.4,10,6.49,477.9,Optimal
647,4.2,32.96,25.81,194.2,5.0,2,2.1,133.49,High Stress
648,5.57,34.72,22.5,191.7,7.4,6,3.95,315.24,Slight Deviation
649,5.47,36.03,27.05,223.1,4.6,14,4.28,355.2,Near Optimal
650,5.98,41.51,29.89,156.3,7.1,1,1.5,80.0,High Stress
651,6.62,29.54,24.1,202.4,7.1,1,2.36,184.73,Moderate Stress
652,6.22,29.47,31.86,210.3,8.6,11,1.5,167.38,High Stress
653,5.45,31.12,28.63,204.5,7.6,3,4.34,277.42,Optimal
654,4.99,29.76,30.3,134.6,8.6,3,1.5,129.25,Moderate Stress
655,7.0,27.19,24.89,188.2,8.8,11,1.5,190.35,High Stress
656,5.63,28.13,29.73,200.0,11.4,13,3.43,325.76,Slight Deviation
657,5.61,30.51,23.51,180.4,6.9,5,5.86,334.56,Near Optimal
658,5.59,36.32,29.85,65.2,5.8,1,1.82,136.67,Moderate Stress
659,5.71,24.34,27.55,188.8,7.9,10,5.17,323.38,Optimal
660,5.52,35.64,28.77,301.7,6.1,6,5.29,392.33,Optimal
661,5.28,37.25,23.24,160.2,10.2,7,2.78,261.94,Mild Stress
662,5.3,30.01,24.14,140.0,7.0,10,6.33,411.9,Optimal
663,5.58,19.15,28.91,200.5,6.5,12,2.73,271.3,Slight Deviation
664,5.3,27.56,23.97,197.2,6.7,13,5.2,453.0,Near Optimal
665,5.21,37.35,28.48,245.6,8.8,11,2.69,233.68,Slight Deviation
666,5.66,29.41,22.63,110.8,7.2,3,4.15,296.58,Near Optimal
667,5.46,25.12,29.71,220.2,6.3,4,3.23,128.31,Slight Deviation
668,6.43,24.69,23.06,212.5,10.5,10,2.47,266.64,Moderate Stress
669,4.2,38.1,28.77,172.2,6.0,11,1.5,179.05,Severe Stress
670,6.2,30.63,29.0,198.6,7.6,10,4.86,362.58,Optimal
671,6.29,26.44,24.77,236.6,8.7,14,3.42,351.64,Slight Deviation
672,4.46,31.29,28.86,228.0,4.6,12,1.5,246.53,High Stress
673,5.41,28.31,27.83,117.1,8.4,15,4.51,407.6,Optimal
674,5.4,25.69,25.28,225.1,5.6,10,6.14,504.7,Optimal
675,4.83,40.09,23.77,176.4,9.0,14,1.55,150.64,Severe Stress
676,5.17,29.38,20.72,184.0,5.8,10,1.95,220.31,Moderate Stress
677,4.99,37.62,28.12,184.0,8.7,10,3.01,255.98,Mild Stress
678,6.56,34.43,21.99,171.7,9.5,3,1.87,108.61,Severe Stress
679,6.11,33.16,27.31,245.5,9.1,1,3.67,160.7,Near Optimal
680,6.3,25.44,26.16,175.4,8.0,8,5.21,398.01,Near Optimal
681,6.0,30.52,29.17,118.4,7.1,13,4.01,375.24,Near Optimal
682,4.98,31.44,26.03,158.4,6.5,10,4.83,416.77,Near Optimal
683,5.31,26.05,25.95,189.8,10.1,10,7.13,548.98,Optimal
684,5.87,30.51,29.34,247.6,6.2,2,4.04,231.39,Near Optimal
685,4.93,25.81,28.07,213.2,5.6,1,2.49,202.57,Mild Stress
686,5.99,34.47,28.01,133.2,8.7,14,4.54,433.27,Optimal
687,5.47,27.77,28.5,316.7,6.1,8,5.51,385.5,Optimal
688,5.39,31.34,22.09,194.6,5.8,7,2.54,209.39,Slight Deviation
689,5.99,29.95,29.42,250.1,4.9,7,4.02,264.5,Near Optimal
690,5.84,27.69,28.96,171.7,6.6,4,4.2,335.83,Optimal
691,5.4,33.23,23.75,209.3,7.4,11,4.68,315.89,Near Optimal
692,6.24,25.41,26.22,226.2,7.9,9,4.9,384.72,Near Optimal
693,5.01,35.83,26.87,247.0,9.2,6,3.96,264.71,Near Optimal
694,5.94,21.95,26.57,238.2,8.4,2,1.93,93.03,Mild Stress
695,5.93,29.34,28.07,228.0,7.2,14,4.22,299.58,Optimal
696,5.43,39.9,31.58,162.7,7.1,1,1.5,90.46,High Stress
697,5.78,24.16,30.46,148.6,8.4,1,1.5,80.0,Mild Stress
698,4.91,28.38,22.8,198.3,9.8,9,3.33,273.77,Mild Stress
699,6.11,30.74,28.99,231.3,7.7,4,3.61,310.53,Near Optimal
700,5.5,30.9,31.25,167.8,6.7,5,2.1,172.98,Moderate Stress
701,5.31,32.32,28.24,238.6,5.7,3,4.57,368.1,Optimal
702,6.18,30.41,30.49,259.9,4.9,4,2.51,148.22,Slight Deviation
703,5.21,34.04,33.44,129.6,8.7,12,1.5,141.17,Moderate Stress
704,4.83,37.56,30.28,134.0,8.5,8,1.5,118.05,High Stress
705,4.74,34.33,27.8,172.3,8.5,13,1.85,212.72,Moderate Stress
706,5.93,27.5,30.34,196.9,7.3,4,3.25,322.3,Slight Deviation
707,4.9,35.16,27.46,151.1,10.0,9,3.81,242.43,Slight Deviation
708,6.57,36.29,27.08,254.4,6.6,9,2.43,239.49,High Stress
709,4.45,32.49,25.88,203.3,9.2,6,1.96,141.1,High Stress
710,6.53,22.04,32.0,182.2,7.4,2,1.5,98.17,Severe Stress
711,5.72,34.88,24.38,101.0,6.4,12,5.53,383.77,Optimal
712,5.55,29.25,31.9,107.6,8.6,10,2.05,233.77,Moderate Stress
713,5.3,19.74,28.6,195.5,8.2,11,1.5,176.46,Mild Stress
714,5.82,33.28,22.52,62.7,8.1,7,4.33,353.86,Near Optimal
715,5.58,27.08,28.18,235.7,7.6,9,5.11,384.73,Optimal
716,6.21,27.42,20.28,171.3,7.4,6,1.5,80.0,High Stress
717,5.66,31.18,29.0,358.4,11.8,3,4.76,347.98,Optimal
718,5.68,30.41,29.83,306.9,9.6,14,4.15,290.54,Near Optimal
719,5.4,33.85,25.1,170.0,8.8,15,4.69,335.95,Optimal
720,5.57,27.61,27.4,174.2,7.7,7,7.02,445.1,Optimal
721,5.77,31.76,33.25,234.8,9.3,5,1.5,98.37,Moderate Stress
722,4.66,31.22,25.38,273.7,8.4,1,1.5,146.86,Moderate Stress
723,4.86,35.61,23.61,89.9,7.5,3,2.76,183.61,Mild Stress
724,6.01,31.55,31.74,81.7,7.0,5,1.5,173.66,Moderate Stress
725,5.69,24.75,33.28,145.8,7.4,7,1.5,126.12,Moderate Stress
726,5.5,35.43,27.01,212.1,3.0,3,6.65,434.12,Optimal
727,5.61,26.99,30.24,207.3,7.9,6,1.62,161.79,Mild Stress
728,5.79,33.17,31.29,238.8,6.6,5,1.66,163.96,Moderate Stress
729,5.3,32.44,24.62,114.0,10.4,13,5.75,432.73,Optimal
730,5.17,40.18,25.45,52.6,7.5,1,3.43,200.58,Mild Stress
731,5.71,28.25,30.94,227.2,5.4,10,1.96,187.17,Mild Stress
732,5.06,29.57,32.39,134.4,7.4,6,1.5,80.17,Moderate Stress
733,5.82,28.94,28.8,69.0,5.6,14,5.01,409.66,Optimal
734,4.66,31.0,24.18,188.0,8.4,8,3.18,241.37,Mild Stress
735,6.17,31.99,33.36,223.6,8.0,13,1.5,214.3,Moderate Stress
736,5.86,20.84,25.3,173.3,9.2,13,3.64,325.6,Slight Deviation
737,5.74,24.01,25.93,154.8,6.1,1,3.32,253.97,Near Optimal
738,6.14,22.74,28.1,171.2,7.6,2,2.17,148.65,Slight Deviation
739,6.52,31.69,31.97,159.6,5.0,14,1.5,182.32,Severe Stress
740,6.16,36.57,29.73,105.9,8.8,15,1.82,231.22,Moderate Stress
741,4.59,32.21,28.33,140.7,8.4,4,1.82,166.55,Moderate Stress
742,4.9,30.96,28.48,208.7,8.4,12,3.18,224.74,Slight Deviation
743,5.26,31.07,27.14,197.7,7.5,2,2.7,152.97,Near Optimal
744,5.61,35.48,28.79,189.2,8.2,11,3.47,271.9,Near Optimal
745,5.88,24.22,18.91,125.3,10.4,9,1.5,176.38,High Stress
746,5.2,32.09,26.05,170.0,7.0,10,6.07,462.66,Optimal
747,5.7,34.28,27.77,60.3,7.7,8,4.69,348.94,Optimal
748,5.18,33.47,23.32,189.8,5.5,8,4.51,247.85,Near Optimal
749,5.26,31.67,28.24,258.6,5.9,4,4.14,222.58,Optimal
750,4.83,37.02,26.35,98.9,7.7,5,2.12,158.84,Moderate Stress
751,5.09,17.71,32.62,147.8,9.5,4,1.5,104.45,Severe Stress
752,4.86,35.31,32.03,198.1,7.0,13,1.54,196.59,High Stress
753,5.06,28.05,25.51,248.9,7.1,9,5.67,395.77,Optimal
754,6.18,18.81,26.52,155.3,6.8,13,1.64,256.01,Mild Stress
755,5.08,33.82,26.76,141.9,6.5,2,2.18,80.0,Slight Deviation
756,7.0,32.37,25.55,71.7,8.0,13,1.5,204.59,High Stress
757,5.87,28.2,27.62,185.7,4.8,11,6.72,520.18,Optimal
758,5.7,34.16,24.57,292.3,9.8,8,5.65,427.55,Optimal
759,5.13,39.17,23.38,195.3,6.3,2,1.5,133.55,Moderate Stress
760,5.99,35.1,28.99,178.8,8.8,1,3.28,237.39,Near Optimal
761,5.28,38.86,29.01,197.7,5.2,10,2.91,233.46,Mild Stress
762,5.67,33.2,24.43,179.4,8.7,3,6.93,401.25,Optimal
763,7.0,25.88,29.87,135.3,8.7,9,1.5,90.79,Severe Stress
764,5.55,21.84,24.98,225.3,8.2,12,4.2,335.31,Near Optimal
765,6.23,26.58,27.81,192.4,5.7,3,5.59,332.19,Near Optimal
766,5.21,26.65,29.63,181.0,7.9,9,2.94,289.06,Slight Deviation
767,5.58,40.61,26.89,126.4,5.4,7,4.73,329.74,Slight Deviation
768,6.57,25.91,28.46,251.7,7.0,13,2.6,223.94,Mild Stress
769,5.26,31.34,25.35,216.6,9.4,10,5.61,375.0,Optimal
770,6.6,29.46,26.37,149.6,8.9,1,2.32,216.81,Moderate Stress
771,5.99,28.75,26.34,235.1,7.5,10,7.51,529.83,Optimal
772,5.29,39.11,24.61,152.6,5.7,5,4.33,272.45,Near Optimal
773,5.95,25.54,26.43,137.0,8.7,9,6.38,459.14,Optimal
774,6.13,29.08,22.04,138.2,7.5,12,1.5,252.39,Mild Stress
775,5.94,24.97,25.43,82.6,3.3,15,4.2,358.36,Optimal
776,4.74,25.68,26.09,205.9,8.9,15,1.83,253.85,Moderate Stress
777,5.2,27.84,26.18,79.3,7.5,3,5.68,406.33,Optimal
778,5.46,29.93,26.23,112.4,9.7,9,6.92,421.0,Optimal
779,5.56,27.67,26.8,65.8,5.5,5,6.07,381.86,Optimal
780,5.94,25.22,28.53,175.3,3.0,9,5.25,424.14,Optimal
781,5.7,22.37,29.8,171.7,8.0,10,1.96,173.12,Mild Stress
782,4.87,31.47,24.92,162.0,8.0,6,3.21,255.11,Slight Deviation
783,5.81,21.55,23.15,122.7,4.5,9,3.52,256.65,Mild Stress
784,5.94,32.48,23.67,115.5,5.7,7,5.88,393.21,Near Optimal
785,5.91,29.18,25.44,205.5,12.0,7,8.34,536.54,Optimal
786,6.19,20.64,25.87,149.7,6.9,8,4.34,346.68,Near Optimal
787,6.06,26.77,24.54,197.4,8.8,7,6.72,466.26,Optimal
788,5.85,25.19,22.85,131.3,6.3,12,2.67,259.66,Slight Deviation
789,5.56,31.42,25.54,190.0,3.7,9,8.53,650.0,Optimal
790,4.69,39.13,27.58,251.7,7.2,11,1.5,238.89,High Stress
791,5.84,19.6,28.9,212.2,7.0,9,2.52,153.86,Slight Deviation
792,5.71,29.95,25.22,157.3,6.8,6,7.61,489.08,Optimal
793,5.75,28.45,25.68,194.1,7.3,7,6.39,524.33,Optimal
794,4.9,35.16,24.03,166.8,8.0,2,1.5,85.89,Mild Stress
795,5.01,32.54,26.9,180.4,7.2,15,3.4,397.07,Near Optimal
796,6.18,24.2,24.29,162.1,5.2,9,4.37,319.28,Optimal
797,5.58,28.16,28.83,171.0,8.4,12,5.0,387.81,Optimal
798,5.97,24.61,21.29,191.7,4.0,13,1.73,238.02,Moderate Stress
799,5.62,35.02,25.85,125.4,3.8,1,3.66,224.44,Near Optimal
800,5.62,29.75,27.96,124.1,8.8,1,1.96,142.91,Slight Deviation
801,6.12,37.65,27.59,103.6,8.4,3,4.56,352.72,Near Optimal
802,5.32,30.24,35.62,92.0,7.4,12,1.5,212.56,High Stress
803,5.65,26.01,28.12,113.0,5.0,6,4.5,322.95,Optimal
804,5.35,22.88,23.79,188.8,6.2,5,4.09,343.97,Near Optimal
805,5.36,21.4,26.69,130.9,7.0,15,4.04,393.08,Near Optimal
806,5.43,22.29,21.32,208.2,4.6,2,1.63,88.13,Moderate Stress
807,5.72,30.68,26.74,181.9,6.2,9,6.84,551.7,Optimal
808,5.34,33.02,24.33,71.7,8.7,14,4.25,389.48,Optimal
809,6.29,19.72,29.93,216.0,10.1,13,1.5,186.52,High Stress
810,5.11,35.65,25.24,224.6,6.7,10,5.47,337.47,Optimal
811,5.5,27.58,26.63,125.3,8.9,14,6.5,453.78,Optimal
812,5.36,31.15,24.97,203.1,4.1,4,6.43,477.3,Optimal
813,6.4,35.36,32.56,132.9,8.7,4,1.5,182.89,High Stress
814,5.71,33.85,25.97,185.4,6.1,5,5.54,375.38,Optimal
815,6.17,26.65,32.86,110.5,8.1,15,1.5,148.04,Moderate Stress
816,4.78,27.7,29.61,81.4,7.1,8,1.5,115.96,High Stress
817,5.75,18.49,28.54,158.9,9.9,10,3.86,254.77,Slight Deviation
818,6.09,24.63,28.18,173.2,5.9,4,3.89,207.3,Near Optimal
819,5.65,28.49,28.26,158.1,8.6,5,5.22,424.14,Optimal
820,6.19,22.99,20.83,114.9,7.0,12,1.5,258.1,Moderate Stress
821,5.32,29.88,26.11,158.0,7.2,4,7.07,416.97,Optimal
822,6.38,27.74,29.7,194.8,7.2,14,1.9,225.69,Moderate Stress
823,6.86,24.8,26.84,177.5,6.0,6,2.38,145.83,High Stress
824,5.4,27.05,22.5,190.0,7.5,12,3.38,298.27,Slight Deviation
825,5.35,31.29,26.83,143.1,7.4,3,6.75,486.38,Optimal
826,6.4,29.51,32.45,244.4,7.9,8,1.5,191.76,High Stress
827,6.47,21.64,30.99,115.3,7.7,6,1.5,166.3,High Stress
828,5.31,37.62,26.8,206.8,8.9,10,5.65,412.2,Near Optimal
829,5.37,29.9,30.04,245.0,9.2,5,2.3,222.17,Mild Stress
830,5.45,30.24,25.83,206.4,5.6,13,5.55,459.63,Optimal
831,4.86,35.46,21.55,168.9,9.1,15,1.5,224.14,High Stress
832,5.09,32.4,24.04,150.9,5.4,2,2.05,134.96,Slight Deviation
833,5.05,36.12,32.0,237.0,8.6,10,1.5,181.14,High Stress
834,5.18,32.4,26.12,101.7,8.6,10,6.52,481.29,Optimal
835,5.58,26.7,26.22,126.6,4.1,7,5.67,377.25,Optimal
836,5.73,31.12,26.04,158.1,7.7,2,4.23,242.68,Optimal
837,6.45,21.43,33.09,248.1,6.7,1,1.5,80.0,Severe Stress
838,5.05,31.89,32.2,200.9,6.1,7,1.5,113.35,Moderate Stress
839,6.14,27.91,34.1,126.8,9.9,5,1.5,123.42,High Stress
840,5.48,29.02,26.49,162.9,6.3,1,3.6,211.66,Near Optimal
841,5.57,29.15,27.95,146.2,6.0,15,5.39,421.67,Optimal
842,5.97,19.18,22.15,141.0,7.6,4,1.5,97.68,Moderate Stress
843,4.98,28.82,31.73,233.8,8.7,12,1.5,196.22,High Stress
844,5.81,29.53,23.26,104.6,7.2,13,4.42,417.42,Near Optimal
845,5.69,30.23,27.69,268.5,9.6,4,6.59,427.02,Optimal
846,5.87,23.75,23.49,225.6,8.5,10,4.02,318.53,Near Optimal
847,5.76,35.55,25.12,240.0,3.6,7,7.39,466.68,Optimal
848,6.95,21.32,24.32,154.5,6.5,9,1.5,154.19,Severe Stress
849,5.25,35.6,25.05,171.8,6.5,2,2.96,235.26,Near Optimal
850,5.31,32.71,25.27,101.2,8.4,12,5.46,459.91,Optimal
851,5.26,27.49,25.25,151.1,3.0,14,4.68,426.68,Optimal
852,5.29,39.51,29.67,207.2,12.0,1,1.5,130.76,Moderate Stress
853,5.25,24.78,23.46,251.3,8.5,2,3.85,262.29,Slight Deviation
854,6.25,32.35,27.71,119.1,7.8,7,4.49,339.44,Near Optimal
855,6.38,32.36,30.9,159.9,9.6,13,1.5,202.57,Moderate Stress
856,5.29,27.28,25.36,171.7,11.7,10,5.92,420.61,Optimal
857,5.14,38.04,24.7,103.2,9.1,6,3.26,246.53,Slight Deviation
858,5.86,27.67,26.26,212.5,9.2,4,7.38,482.35,Optimal
859,5.3,32.04,30.78,140.2,7.7,1,1.5,120.16,Mild Stress
860,5.95,29.95,27.62,169.3,7.2,13,5.86,459.11,Optimal
861,5.71,28.7,25.3,155.1,6.6,1,4.84,372.08,Optimal
862,4.77,36.24,28.55,136.6,6.0,5,2.77,163.86,Moderate Stress
863,6.45,31.12,23.47,179.6,6.3,15,2.38,289.21,Moderate Stress
864,6.59,17.99,29.18,168.1,5.1,1,1.5,96.56,Critical Stress
865,5.26,37.24,28.31,159.5,7.4,12,3.62,313.28,Slight Deviation
866,5.39,22.02,26.02,139.9,4.5,15,3.68,312.36,Near Optimal
867,5.76,34.38,24.32,197.6,7.8,7,5.71,434.28,Optimal
868,5.78,34.79,24.16,270.9,7.4,13,3.9,360.85,Near Optimal
869,5.96,23.17,28.71,187.7,7.8,11,3.71,339.78,Near Optimal
870,6.71,24.32,30.93,234.8,6.6,1,1.5,103.92,High Stress
871,5.5,24.47,24.96,103.5,12.0,1,4.4,260.63,Optimal
872,5.16,29.95,28.47,188.7,9.9,2,2.49,163.07,Slight Deviation
873,4.84,30.44,20.32,119.6,5.3,13,1.5,209.17,High Stress
874,5.2,34.8,25.13,98.8,7.9,14,5.07,346.0,Optimal
875,5.58,36.31,26.9,139.3,6.4,11,4.51,389.15,Near Optimal
876,6.59,33.71,24.09,245.6,5.7,12,2.09,306.32,Moderate Stress
877,5.32,27.73,24.0,232.3,5.1,10,4.9,390.81,Optimal
878,5.72,28.29,24.86,193.4,8.3,3,6.71,416.77,Optimal
879,5.59,21.31,27.94,95.7,6.3,13,3.06,281.96,Slight Deviation
880,6.25,23.72,26.4,169.2,9.2,11,3.67,332.96,Slight Deviation
881,6.99,30.35,19.84,196.6,9.3,15,1.5,200.96,Critical Stress
882,5.31,38.65,20.21,189.7,10.0,1,1.5,128.4,High Stress
883,5.33,24.34,25.06,78.6,6.0,15,4.84,404.31,Optimal
884,6.17,25.03,28.46,131.0,8.4,9,3.77,358.2,Near Optimal
885,5.98,28.43,18.21,176.5,8.6,10,1.5,229.03,High Stress
886,6.62,28.04,25.4,209.5,6.6,8,3.84,282.84,Mild Stress
887,5.92,24.69,25.32,59.2,6.1,5,6.2,409.16,Optimal
888,5.4,32.42,31.44,171.1,10.4,13,1.78,210.02,Moderate Stress
889,5.92,26.37,25.77,187.9,7.9,11,6.51,478.29,Optimal
890,6.21,27.8,28.23,226.7,8.6,2,2.37,125.04,Mild Stress
891,6.05,31.08,27.45,218.1,6.0,5,6.6,397.95,Optimal
892,5.88,28.89,20.18,212.0,5.3,6,1.5,181.74,Moderate Stress
893,6.19,25.75,29.46,136.0,6.5,14,3.89,383.54,Slight Deviation
894,6.24,27.23,27.69,75.1,7.3,15,3.74,381.94,Slight Deviation
895,6.36,26.98,28.63,158.4,5.6,1,2.56,159.17,Slight Deviation
896,5.96,26.77,36.0,235.1,7.5,11,1.5,244.22,High Stress
897,5.51,28.68,20.33,256.6,4.5,4,1.5,121.21,Moderate Stress
898,5.68,37.45,32.52,219.1,5.5,9,1.61,198.8,High Stress
899,6.26,30.52,26.08,203.6,8.7,2,3.01,148.0,Slight Deviation
900,5.15,29.57,27.92,200.9,8.6,5,6.21,404.56,Optimal
901,5.8,32.58,26.85,149.4,6.8,1,4.16,252.15,Optimal
902,5.38,28.69,25.64,172.8,5.7,4,7.39,473.11,Optimal
903,5.62,35.51,25.18,271.8,5.7,4,6.44,372.01,Optimal
904,6.3,29.45,28.05,128.2,6.8,6,4.82,361.84,Near Optimal
905,5.71,28.83,22.15,268.8,8.7,10,2.69,277.4,Slight Deviation
906,5.63,31.85,29.4,162.3,9.2,9,3.84,276.36,Slight Deviation
907,4.85,24.1,25.67,252.9,6.6,3,4.23,237.64,Near Optimal
908,6.01,22.84,23.38,102.6,5.4,9,3.61,261.69,Slight Deviation
909,5.96,22.65,25.56,212.2,8.0,6,5.45,392.34,Optimal
910,6.79,26.84,31.02,139.5,6.0,7,1.5,125.12,Severe Stress
911,5.43,38.87,25.29,102.2,6.6,12,3.63,309.11,Slight Deviation
912,5.72,40.5,28.15,192.0,9.9,10,4.1,288.43,Slight Deviation
913,5.74,32.47,24.66,235.5,9.0,2,3.22,278.48,Near Optimal
914,6.47,29.59,29.43,133.5,7.8,11,2.63,248.36,Mild Stress
915,5.55,20.84,29.19,97.6,5.2,10,3.02,301.44,Mild Stress
916,5.75,26.54,32.92,174.9,7.9,14,1.5,219.26,Moderate Stress
917,5.93,24.77,26.44,175.2,9.4,6,6.04,408.93,Optimal
918,5.7,26.3,29.14,210.2,6.8,6,3.98,283.52,Slight Deviation
919,5.35,29.61,27.31,232.2,9.9,2,3.5,200.62,Near Optimal
920,5.71,27.01,31.15,176.7,9.8,2,1.7,102.23,Moderate Stress
921,6.19,18.03,24.7,282.1,10.5,14,2.1,202.73,Mild Stress
922,5.04,35.12,29.38,192.3,8.0,2,2.66,136.51,Slight Deviation
923,5.67,24.13,26.38,160.9,8.6,10,6.44,539.42,Optimal
924,5.21,32.07,26.79,91.4,10.0,12,4.65,384.76,Optimal
925,6.26,38.09,27.29,165.6,8.3,1,2.91,233.9,Mild Stress
926,4.76,27.62,27.81,161.5,6.6,5,3.43,218.01,Mild Stress
927,5.29,17.98,26.63,232.8,6.7,8,2.13,147.99,Moderate Stress
928,5.81,27.64,27.69,205.4,7.9,2,3.14,170.18,Near Optimal
929,6.46,32.62,32.05,115.1,5.2,13,1.5,179.23,High Stress
930,5.56,39.61,30.15,189.5,7.2,15,1.5,211.28,Moderate Stress
931,5.29,24.48,29.78,216.9,9.5,5,4.01,275.32,Near Optimal
932,6.63,29.09,25.54,264.0,3.6,12,3.64,287.34,Mild Stress
933,4.8,29.77,24.15,228.8,10.3,8,3.3,265.07,Slight Deviation
934,4.39,32.8,30.06,221.8,9.5,10,1.5,176.14,Severe Stress
935,5.84,42.2,29.8,183.3,6.7,14,1.5,226.58,High Stress
936,5.32,23.03,31.71,201.4,8.5,5,1.5,181.47,Moderate Stress
937,5.04,32.65,25.07,248.7,7.5,2,1.9,117.26,Slight Deviation
938,5.99,30.87,26.27,106.7,9.7,3,8.1,552.54,Optimal
939,5.73,34.74,21.75,160.8,9.3,15,3.25,317.31,Mild Stress
940,5.29,31.12,25.74,137.5,5.0,6,6.15,363.54,Optimal
941,4.9,33.34,30.19,200.9,8.6,11,2.05,273.41,Moderate Stress
942,6.08,26.3,25.51,247.7,7.1,11,5.54,499.94,Optimal
943,5.96,29.97,29.05,147.2,7.6,5,4.84,352.07,Near Optimal
944,5.55,28.13,26.39,48.5,6.2,11,5.25,406.14,Optimal
945,6.62,29.75,28.04,157.3,10.6,4,2.01,143.1,Moderate Stress
946,5.01,29.62,23.33,230.2,9.4,4,4.29,273.16,Near Optimal
947,4.76,34.11,27.27,209.6,6.2,5,1.95,199.37,Moderate Stress
948,5.22,30.69,18.0,203.6,5.1,2,1.5,105.4,High Stress
949,5.57,35.42,26.4,164.6,6.8,9,6.12,497.79,Optimal
950,5.73,29.05,21.78,109.7,8.3,2,1.56,110.82,Moderate Stress
951,5.47,21.22,30.86,208.3,7.9,10,1.69,166.97,Moderate Stress
952,5.79,35.44,29.49,134.1,9.8,2,1.69,96.35,Mild Stress
953,4.91,27.24,28.49,300.1,8.9,10,3.45,260.97,Slight Deviation
954,6.39,24.06,31.87,211.4,9.2,14,1.5,220.0,High Stress
955,5.55,26.87,23.96,148.1,8.1,9,6.96,444.29,Optimal
956,6.21,34.74,32.59,146.4,5.0,14,1.5,173.36,High Stress
957,5.79,18.45,29.98,174.9,7.1,3,1.75,175.36,Moderate Stress
958,5.85,44.64,26.24,166.8,9.4,15,2.4,230.59,Moderate Stress
959,5.91,34.05,30.63,241.4,7.4,10,2.13,237.99,Mild Stress
960,5.85,30.07,23.46,190.3,8.4,7,4.53,255.59,Near Optimal
961,5.95,28.38,24.36,139.8,6.9,4,6.91,497.35,Optimal
962,6.33,28.94,25.05,284.0,5.6,13,4.61,336.14,Near Optimal
963,5.71,31.98,25.31,182.7,7.3,13,5.34,393.73,Optimal
964,5.99,31.76,23.62,222.3,8.1,6,5.46,399.41,Near Optimal
965,5.55,32.63,30.91,146.5,6.3,14,2.83,291.26,Slight Deviation
966,6.39,27.78,26.17,200.0,7.1,4,4.97,361.52,Near Optimal
967,5.23,29.82,28.13,197.1,5.8,10,5.01,335.86,Optimal
968,6.59,25.97,25.17,76.1,9.5,15,3.95,346.96,Mild Stress
969,5.58,28.79,21.17,290.8,7.0,7,1.71,137.0,Moderate Stress
970,4.81,37.74,27.86,251.0,10.1,1,2.53,120.94,Mild Stress
971,5.67,32.46,20.88,158.2,10.3,3,2.54,197.26,Mild Stress
972,5.23,16.11,26.78,119.4,7.4,13,1.5,227.01,Moderate Stress
973,6.06,31.6,22.62,199.1,5.7,3,3.37,214.41,Slight Deviation
974,5.24,31.75,33.36,184.8,3.7,1,1.5,151.29,Moderate Stress
975,5.35,30.36,29.92,199.6,4.9,6,2.05,143.5,Mild Stress
976,4.56,30.88,27.34,190.5,5.0,15,2.21,305.05,Moderate Stress
977,5.35,36.07,31.04,207.8,10.0,13,1.5,213.68,High Stress
978,4.27,38.43,24.29,259.6,7.7,11,1.5,135.18,Severe Stress
979,4.73,28.45,28.74,211.2,8.2,14,1.5,271.35,Moderate Stress
980,6.02,30.48,27.64,122.3,3.5,9,6.59,451.84,Optimal
981,6.03,23.55,27.84,254.9,5.3,8,5.16,415.78,Optimal
982,5.83,22.11,31.07,270.2,9.1,11,1.5,183.1,Moderate Stress
983,5.07,28.16,29.34,353.4,8.0,7,3.29,266.51,Slight Deviation
984,5.57,34.1,27.92,118.2,7.2,10,5.71,454.14,Optimal
985,5.6,34.47,21.7,193.4,8.5,8,3.56,307.2,Mild Stress
986,4.96,34.19,23.93,65.5,10.4,6,2.96,213.62,Mild Stress
987,6.43,30.84,26.61,210.4,7.1,9,4.7,372.61,Near Optimal
988,6.08,30.84,27.3,149.8,7.6,3,5.73,383.78,Optimal
989,5.48,26.85,23.38,285.8,7.8,15,4.17,377.67,Near Optimal
990,5.61,31.83,34.72,137.4,11.8,10,1.5,162.88,High Stress
991,5.71,33.37,31.85,87.1,3.7,10,1.5,177.4,Moderate Stress
992,4.48,36.83,28.93,154.1,8.7,9,1.5,230.86,Severe Stress
993,5.46,36.06,27.23,71.3,7.3,4,6.11,388.27,Near Optimal
994,5.22,34.38,26.32,221.3,8.5,7,6.45,485.23,Optimal
995,5.05,33.11,23.95,66.4,6.3,15,3.81,326.91,Slight Deviation
996,5.45,35.5,27.25,181.6,7.4,13,4.74,357.55,Optimal
997,6.59,26.6,27.82,65.7,8.8,9,3.04,369.07,Mild Stress
998,5.95,24.24,23.03,162.4,12.0,2,2.66,194.5,Slight Deviation
999,5.29,29.81,28.07,270.4,9.0,2,3.31,234.46,Near Optimal
1000,5.91,25.05,26.5,199.8,6.0,9,5.34,413.23,Optimal
